{
  "fold": 3.0,
  "macro_f1": 0.8993655259335125,
  "negative_f1": 0.8981990433352015,
  "positive_f1": 0.9005320085318231
}